,name,forwards,midfielders,defenders,round,year,total_points
0,3-4-3,27,48,23,1,2016-17,98
1,3-5-2,18,58,23,1,2016-17,99
2,4-3-3,27,37,30,1,2016-17,94
3,4-4-2,18,48,30,1,2016-17,96
4,4-5-1,9,58,30,1,2016-17,97
5,5-2-3,27,26,36,1,2016-17,89
6,5-3-2,18,37,36,1,2016-17,91
7,5-4-1,9,48,36,1,2016-17,93
0,3-4-3,39,46,32,2,2016-17,117
1,3-5-2,26,56,32,2,2016-17,114
2,4-3-3,39,35,41,2,2016-17,115
3,4-4-2,26,46,41,2,2016-17,113
4,4-5-1,13,56,41,2,2016-17,110
5,5-2-3,39,24,50,2,2016-17,113
6,5-3-2,26,35,50,2,2016-17,111
7,5-4-1,13,46,50,2,2016-17,109
0,3-4-3,22,53,27,3,2016-17,102
1,3-5-2,17,63,27,3,2016-17,107
2,4-3-3,22,42,35,3,2016-17,99
3,4-4-2,17,53,35,3,2016-17,105
4,4-5-1,9,63,35,3,2016-17,107
5,5-2-3,22,31,43,3,2016-17,96
6,5-3-2,17,42,43,3,2016-17,102
7,5-4-1,9,53,43,3,2016-17,105
0,3-4-3,40,60,32,4,2016-17,132
1,3-5-2,29,73,32,4,2016-17,134
2,4-3-3,40,47,40,4,2016-17,127
3,4-4-2,29,60,40,4,2016-17,129
4,4-5-1,17,73,40,4,2016-17,130
5,5-2-3,40,34,48,4,2016-17,122
6,5-3-2,29,47,48,4,2016-17,124
7,5-4-1,17,60,48,4,2016-17,125
0,3-4-3,35,62,34,5,2016-17,131
1,3-5-2,25,75,34,5,2016-17,134
2,4-3-3,35,49,43,5,2016-17,127
3,4-4-2,25,62,43,5,2016-17,130
4,4-5-1,13,75,43,5,2016-17,131
5,5-2-3,35,35,52,5,2016-17,122
6,5-3-2,25,49,52,5,2016-17,126
7,5-4-1,13,62,52,5,2016-17,127
0,3-4-3,38,58,36,6,2016-17,132
1,3-5-2,26,72,36,6,2016-17,134
2,4-3-3,38,44,46,6,2016-17,128
3,4-4-2,26,58,46,6,2016-17,130
4,4-5-1,13,72,46,6,2016-17,131
5,5-2-3,38,30,55,6,2016-17,123
6,5-3-2,26,44,55,6,2016-17,125
7,5-4-1,13,58,55,6,2016-17,126
0,3-4-3,29,42,34,7,2016-17,105
1,3-5-2,21,52,34,7,2016-17,107
2,4-3-3,29,32,42,7,2016-17,103
3,4-4-2,21,42,42,7,2016-17,105
4,4-5-1,12,52,42,7,2016-17,106
5,5-2-3,29,22,50,7,2016-17,101
6,5-3-2,21,32,50,7,2016-17,103
7,5-4-1,12,42,50,7,2016-17,104
0,3-4-3,31,61,37,8,2016-17,129
1,3-5-2,22,71,37,8,2016-17,130
2,4-3-3,31,50,46,8,2016-17,127
3,4-4-2,22,61,46,8,2016-17,129
4,4-5-1,13,71,46,8,2016-17,130
5,5-2-3,31,37,54,8,2016-17,122
6,5-3-2,22,50,54,8,2016-17,126
7,5-4-1,13,61,54,8,2016-17,128
0,3-4-3,23,52,39,9,2016-17,114
1,3-5-2,16,62,39,9,2016-17,117
2,4-3-3,23,40,48,9,2016-17,111
3,4-4-2,16,52,48,9,2016-17,116
4,4-5-1,8,62,48,9,2016-17,118
5,5-2-3,23,28,57,9,2016-17,108
6,5-3-2,16,40,57,9,2016-17,113
7,5-4-1,8,52,57,9,2016-17,117
0,3-4-3,41,60,25,10,2016-17,126
1,3-5-2,29,70,25,10,2016-17,124
2,4-3-3,41,47,33,10,2016-17,121
3,4-4-2,29,60,33,10,2016-17,122
4,4-5-1,16,70,33,10,2016-17,119
5,5-2-3,41,33,40,10,2016-17,114
6,5-3-2,29,47,40,10,2016-17,116
7,5-4-1,16,60,40,10,2016-17,116
0,3-4-3,35,64,30,11,2016-17,129
1,3-5-2,24,77,30,11,2016-17,131
2,4-3-3,35,50,37,11,2016-17,122
3,4-4-2,24,64,37,11,2016-17,125
4,4-5-1,12,77,37,11,2016-17,126
5,5-2-3,35,35,43,11,2016-17,113
6,5-3-2,24,50,43,11,2016-17,117
7,5-4-1,12,64,43,11,2016-17,119
0,3-4-3,37,49,36,12,2016-17,122
1,3-5-2,26,58,36,12,2016-17,120
2,4-3-3,37,39,45,12,2016-17,121
3,4-4-2,26,49,45,12,2016-17,120
4,4-5-1,13,58,45,12,2016-17,116
5,5-2-3,37,29,54,12,2016-17,120
6,5-3-2,26,39,54,12,2016-17,119
7,5-4-1,13,49,54,12,2016-17,116
0,3-4-3,39,48,28,13,2016-17,115
1,3-5-2,27,58,28,13,2016-17,113
2,4-3-3,39,38,36,13,2016-17,113
3,4-4-2,27,48,36,13,2016-17,111
4,4-5-1,15,58,36,13,2016-17,109
5,5-2-3,39,28,44,13,2016-17,111
6,5-3-2,27,38,44,13,2016-17,109
7,5-4-1,15,48,44,13,2016-17,107
0,3-4-3,37,68,41,14,2016-17,146
1,3-5-2,25,79,41,14,2016-17,145
2,4-3-3,37,56,52,14,2016-17,145
3,4-4-2,25,68,52,14,2016-17,145
4,4-5-1,13,79,52,14,2016-17,144
5,5-2-3,37,41,61,14,2016-17,139
6,5-3-2,25,56,61,14,2016-17,142
7,5-4-1,13,68,61,14,2016-17,142
0,3-4-3,43,49,30,15,2016-17,122
1,3-5-2,30,58,30,15,2016-17,118
2,4-3-3,43,39,39,15,2016-17,121
3,4-4-2,30,49,39,15,2016-17,118
4,4-5-1,17,58,39,15,2016-17,114
5,5-2-3,43,29,47,15,2016-17,119
6,5-3-2,30,39,47,15,2016-17,116
7,5-4-1,17,49,47,15,2016-17,113
0,3-4-3,39,61,36,16,2016-17,136
1,3-5-2,28,72,36,16,2016-17,136
2,4-3-3,39,50,46,16,2016-17,135
3,4-4-2,28,61,46,16,2016-17,135
4,4-5-1,17,72,46,16,2016-17,135
5,5-2-3,39,38,56,16,2016-17,133
6,5-3-2,28,50,56,16,2016-17,134
7,5-4-1,17,61,56,16,2016-17,134
0,3-4-3,30,45,38,17,2016-17,113
1,3-5-2,24,55,38,17,2016-17,117
2,4-3-3,30,35,47,17,2016-17,112
3,4-4-2,24,45,47,17,2016-17,116
4,4-5-1,12,55,47,17,2016-17,114
5,5-2-3,30,25,56,17,2016-17,111
6,5-3-2,24,35,56,17,2016-17,115
7,5-4-1,12,45,56,17,2016-17,113
0,3-4-3,31,49,28,18,2016-17,108
1,3-5-2,23,59,28,18,2016-17,110
2,4-3-3,31,39,36,18,2016-17,106
3,4-4-2,23,49,36,18,2016-17,108
4,4-5-1,15,59,36,18,2016-17,110
5,5-2-3,31,28,43,18,2016-17,102
6,5-3-2,23,39,43,18,2016-17,105
7,5-4-1,15,49,43,18,2016-17,107
0,3-4-3,44,53,30,19,2016-17,127
1,3-5-2,33,64,30,19,2016-17,127
2,4-3-3,44,42,38,19,2016-17,124
3,4-4-2,33,53,38,19,2016-17,124
4,4-5-1,17,64,38,19,2016-17,119
5,5-2-3,44,29,46,19,2016-17,119
6,5-3-2,33,42,46,19,2016-17,121
7,5-4-1,17,53,46,19,2016-17,116
0,3-4-3,39,50,41,20,2016-17,130
1,3-5-2,28,60,41,20,2016-17,129
2,4-3-3,39,39,52,20,2016-17,130
3,4-4-2,28,50,52,20,2016-17,130
4,4-5-1,15,60,52,20,2016-17,127
5,5-2-3,39,28,63,20,2016-17,130
6,5-3-2,28,39,63,20,2016-17,130
7,5-4-1,15,50,63,20,2016-17,128
0,3-4-3,41,55,44,21,2016-17,140
1,3-5-2,30,65,44,21,2016-17,139
2,4-3-3,41,44,53,21,2016-17,138
3,4-4-2,30,55,53,21,2016-17,138
4,4-5-1,17,65,53,21,2016-17,135
5,5-2-3,41,30,61,21,2016-17,132
6,5-3-2,30,44,61,21,2016-17,135
7,5-4-1,17,55,61,21,2016-17,133
0,3-4-3,35,47,43,22,2016-17,125
1,3-5-2,26,56,43,22,2016-17,125
2,4-3-3,35,37,55,22,2016-17,127
3,4-4-2,26,47,55,22,2016-17,128
4,4-5-1,13,56,55,22,2016-17,124
5,5-2-3,35,27,67,22,2016-17,129
6,5-3-2,26,37,67,22,2016-17,130
7,5-4-1,13,47,67,22,2016-17,127
0,3-4-3,29,42,37,23,2016-17,108
1,3-5-2,20,50,37,23,2016-17,107
2,4-3-3,29,33,47,23,2016-17,109
3,4-4-2,20,42,47,23,2016-17,109
4,4-5-1,11,50,47,23,2016-17,108
5,5-2-3,29,23,56,23,2016-17,108
6,5-3-2,20,33,56,23,2016-17,109
7,5-4-1,11,42,56,23,2016-17,109
0,3-4-3,47,52,36,24,2016-17,135
1,3-5-2,34,63,36,24,2016-17,133
2,4-3-3,47,40,46,24,2016-17,133
3,4-4-2,34,52,46,24,2016-17,132
4,4-5-1,21,63,46,24,2016-17,130
5,5-2-3,47,27,55,24,2016-17,129
6,5-3-2,34,40,55,24,2016-17,129
7,5-4-1,21,52,55,24,2016-17,128
0,3-4-3,23,56,43,25,2016-17,122
1,3-5-2,18,68,43,25,2016-17,129
2,4-3-3,23,44,53,25,2016-17,120
3,4-4-2,18,56,53,25,2016-17,127
4,4-5-1,13,68,53,25,2016-17,134
5,5-2-3,23,31,62,25,2016-17,116
6,5-3-2,18,44,62,25,2016-17,124
7,5-4-1,13,56,62,25,2016-17,131
0,3-4-3,42,46,37,26,2016-17,125
1,3-5-2,33,55,37,26,2016-17,125
2,4-3-3,42,36,45,26,2016-17,123
3,4-4-2,33,46,45,26,2016-17,124
4,4-5-1,20,55,45,26,2016-17,120
5,5-2-3,42,25,52,26,2016-17,119
6,5-3-2,33,36,52,26,2016-17,121
7,5-4-1,20,46,52,26,2016-17,118
0,3-4-3,38,59,27,27,2016-17,124
1,3-5-2,26,71,27,27,2016-17,124
2,4-3-3,38,46,36,27,2016-17,120
3,4-4-2,26,59,36,27,2016-17,121
4,4-5-1,13,71,36,27,2016-17,120
5,5-2-3,38,32,45,27,2016-17,115
6,5-3-2,26,46,45,27,2016-17,117
7,5-4-1,13,59,45,27,2016-17,117
0,3-4-3,32,46,20,28,2016-17,98
1,3-5-2,24,55,20,28,2016-17,99
2,4-3-3,32,37,26,28,2016-17,95
3,4-4-2,24,46,26,28,2016-17,96
4,4-5-1,12,55,26,28,2016-17,93
5,5-2-3,32,28,31,28,2016-17,91
6,5-3-2,24,37,31,28,2016-17,92
7,5-4-1,12,46,31,28,2016-17,89
0,3-4-3,39,40,34,29,2016-17,113
1,3-5-2,28,49,34,29,2016-17,111
2,4-3-3,39,30,42,29,2016-17,111
3,4-4-2,28,40,42,29,2016-17,110
4,4-5-1,16,49,42,29,2016-17,107
5,5-2-3,39,20,50,29,2016-17,109
6,5-3-2,28,30,50,29,2016-17,108
7,5-4-1,16,40,50,29,2016-17,106
0,3-4-3,24,45,42,30,2016-17,111
1,3-5-2,17,55,42,30,2016-17,114
2,4-3-3,24,35,53,30,2016-17,112
3,4-4-2,17,45,53,30,2016-17,115
4,4-5-1,10,55,53,30,2016-17,118
5,5-2-3,24,24,64,30,2016-17,112
6,5-3-2,17,35,64,30,2016-17,116
7,5-4-1,10,45,64,30,2016-17,119
0,3-4-3,36,52,31,31,2016-17,119
1,3-5-2,25,62,31,31,2016-17,118
2,4-3-3,36,40,39,31,2016-17,115
3,4-4-2,25,52,39,31,2016-17,116
4,4-5-1,14,62,39,31,2016-17,115
5,5-2-3,36,27,47,31,2016-17,110
6,5-3-2,25,40,47,31,2016-17,112
7,5-4-1,14,52,47,31,2016-17,113
0,3-4-3,34,55,33,32,2016-17,122
1,3-5-2,25,65,33,32,2016-17,123
2,4-3-3,34,44,42,32,2016-17,120
3,4-4-2,25,55,42,32,2016-17,122
4,4-5-1,13,65,42,32,2016-17,120
5,5-2-3,34,33,51,32,2016-17,118
6,5-3-2,25,44,51,32,2016-17,120
7,5-4-1,13,55,51,32,2016-17,119
0,3-4-3,29,50,34,33,2016-17,113
1,3-5-2,21,61,34,33,2016-17,116
2,4-3-3,29,38,43,33,2016-17,110
3,4-4-2,21,50,43,33,2016-17,114
4,4-5-1,12,61,43,33,2016-17,116
5,5-2-3,29,26,51,33,2016-17,106
6,5-3-2,21,38,51,33,2016-17,110
7,5-4-1,12,50,51,33,2016-17,113
0,3-4-3,34,50,35,34,2016-17,119
1,3-5-2,28,60,35,34,2016-17,123
2,4-3-3,34,39,44,34,2016-17,117
3,4-4-2,28,50,44,34,2016-17,122
4,4-5-1,16,60,44,34,2016-17,120
5,5-2-3,34,28,53,34,2016-17,115
6,5-3-2,28,39,53,34,2016-17,120
7,5-4-1,16,50,53,34,2016-17,119
0,3-4-3,32,42,32,35,2016-17,106
1,3-5-2,23,50,32,35,2016-17,105
2,4-3-3,32,32,40,35,2016-17,104
3,4-4-2,23,42,40,35,2016-17,105
4,4-5-1,12,50,40,35,2016-17,102
5,5-2-3,32,22,48,35,2016-17,102
6,5-3-2,23,32,48,35,2016-17,103
7,5-4-1,12,42,48,35,2016-17,102
0,3-4-3,29,51,43,36,2016-17,123
1,3-5-2,21,61,43,36,2016-17,125
2,4-3-3,29,40,54,36,2016-17,123
3,4-4-2,21,51,54,36,2016-17,126
4,4-5-1,13,61,54,36,2016-17,128
5,5-2-3,29,29,64,36,2016-17,122
6,5-3-2,21,40,64,36,2016-17,125
7,5-4-1,13,51,64,36,2016-17,128
0,3-4-3,48,64,39,37,2016-17,151
1,3-5-2,37,77,39,37,2016-17,153
2,4-3-3,48,51,51,37,2016-17,150
3,4-4-2,37,64,51,37,2016-17,152
4,4-5-1,24,77,51,37,2016-17,152
5,5-2-3,48,36,60,37,2016-17,144
6,5-3-2,37,51,60,37,2016-17,148
7,5-4-1,24,64,60,37,2016-17,148
0,3-4-3,45,51,33,38,2016-17,129
1,3-5-2,33,62,33,38,2016-17,128
2,4-3-3,45,39,41,38,2016-17,125
3,4-4-2,33,51,41,38,2016-17,125
4,4-5-1,17,62,41,38,2016-17,120
5,5-2-3,45,27,49,38,2016-17,121
6,5-3-2,33,39,49,38,2016-17,121
7,5-4-1,17,51,49,38,2016-17,117
0,3-4-3,39,44,39,1,2017-18,122
1,3-5-2,26,54,39,1,2017-18,119
2,4-3-3,39,34,48,1,2017-18,121
3,4-4-2,26,44,48,1,2017-18,118
4,4-5-1,13,54,48,1,2017-18,115
5,5-2-3,39,23,56,1,2017-18,118
6,5-3-2,26,34,56,1,2017-18,116
7,5-4-1,13,44,56,1,2017-18,113
0,3-4-3,28,47,46,2,2017-18,121
1,3-5-2,21,57,46,2,2017-18,124
2,4-3-3,28,37,55,2,2017-18,120
3,4-4-2,21,47,55,2,2017-18,123
4,4-5-1,13,57,55,2,2017-18,125
5,5-2-3,28,26,64,2,2017-18,118
6,5-3-2,21,37,64,2,2017-18,122
7,5-4-1,13,47,64,2,2017-18,124
0,3-4-3,33,39,37,3,2017-18,109
1,3-5-2,24,47,37,3,2017-18,108
2,4-3-3,33,31,46,3,2017-18,110
3,4-4-2,24,39,46,3,2017-18,109
4,4-5-1,12,47,46,3,2017-18,105
5,5-2-3,33,22,55,3,2017-18,110
6,5-3-2,24,31,55,3,2017-18,110
7,5-4-1,12,39,55,3,2017-18,106
0,3-4-3,41,57,40,4,2017-18,138
1,3-5-2,29,68,40,4,2017-18,137
2,4-3-3,41,46,51,4,2017-18,138
3,4-4-2,29,57,51,4,2017-18,137
4,4-5-1,16,68,51,4,2017-18,135
5,5-2-3,41,33,61,4,2017-18,135
6,5-3-2,29,46,61,4,2017-18,136
7,5-4-1,16,57,61,4,2017-18,134
0,3-4-3,41,43,37,5,2017-18,121
1,3-5-2,32,53,37,5,2017-18,122
2,4-3-3,41,33,46,5,2017-18,120
3,4-4-2,32,43,46,5,2017-18,121
4,4-5-1,20,53,46,5,2017-18,119
5,5-2-3,41,22,55,5,2017-18,118
6,5-3-2,32,33,55,5,2017-18,120
7,5-4-1,20,43,55,5,2017-18,118
0,3-4-3,43,53,32,6,2017-18,128
1,3-5-2,30,62,32,6,2017-18,124
2,4-3-3,43,42,40,6,2017-18,125
3,4-4-2,30,53,40,6,2017-18,123
4,4-5-1,17,62,40,6,2017-18,119
5,5-2-3,43,29,48,6,2017-18,120
6,5-3-2,30,42,48,6,2017-18,120
7,5-4-1,17,53,48,6,2017-18,118
0,3-4-3,31,47,45,7,2017-18,123
1,3-5-2,22,57,45,7,2017-18,124
2,4-3-3,31,37,57,7,2017-18,125
3,4-4-2,22,47,57,7,2017-18,126
4,4-5-1,13,57,57,7,2017-18,127
5,5-2-3,31,27,68,7,2017-18,126
6,5-3-2,22,37,68,7,2017-18,127
7,5-4-1,13,47,68,7,2017-18,128
0,3-4-3,38,46,26,8,2017-18,110
1,3-5-2,26,56,26,8,2017-18,108
2,4-3-3,38,36,33,8,2017-18,107
3,4-4-2,26,46,33,8,2017-18,105
4,4-5-1,13,56,33,8,2017-18,102
5,5-2-3,38,26,40,8,2017-18,104
6,5-3-2,26,36,40,8,2017-18,102
7,5-4-1,13,46,40,8,2017-18,99
0,3-4-3,41,50,32,9,2017-18,123
1,3-5-2,29,62,32,9,2017-18,123
2,4-3-3,41,38,40,9,2017-18,119
3,4-4-2,29,50,40,9,2017-18,119
4,4-5-1,16,62,40,9,2017-18,118
5,5-2-3,41,26,48,9,2017-18,115
6,5-3-2,29,38,48,9,2017-18,115
7,5-4-1,16,50,48,9,2017-18,114
0,3-4-3,25,47,38,10,2017-18,110
1,3-5-2,17,57,38,10,2017-18,112
2,4-3-3,25,36,47,10,2017-18,108
3,4-4-2,17,47,47,10,2017-18,111
4,4-5-1,9,57,47,10,2017-18,113
5,5-2-3,25,25,56,10,2017-18,106
6,5-3-2,17,36,56,10,2017-18,109
7,5-4-1,9,47,56,10,2017-18,112
0,3-4-3,25,48,39,11,2017-18,112
1,3-5-2,17,58,39,11,2017-18,114
2,4-3-3,25,38,51,11,2017-18,114
3,4-4-2,17,48,51,11,2017-18,116
4,4-5-1,9,58,51,11,2017-18,118
5,5-2-3,25,28,61,11,2017-18,114
6,5-3-2,17,38,61,11,2017-18,116
7,5-4-1,9,48,61,11,2017-18,118
0,3-4-3,36,61,37,12,2017-18,134
1,3-5-2,27,73,37,12,2017-18,137
2,4-3-3,36,48,45,12,2017-18,129
3,4-4-2,27,61,45,12,2017-18,133
4,4-5-1,17,73,45,12,2017-18,135
5,5-2-3,36,34,53,12,2017-18,123
6,5-3-2,27,48,53,12,2017-18,128
7,5-4-1,17,61,53,12,2017-18,131
0,3-4-3,29,46,34,13,2017-18,109
1,3-5-2,21,55,34,13,2017-18,110
2,4-3-3,29,36,43,13,2017-18,108
3,4-4-2,21,46,43,13,2017-18,110
4,4-5-1,13,55,43,13,2017-18,111
5,5-2-3,29,25,52,13,2017-18,106
6,5-3-2,21,36,52,13,2017-18,109
7,5-4-1,13,46,52,13,2017-18,111
0,3-4-3,34,58,38,14,2017-18,130
1,3-5-2,26,71,38,14,2017-18,135
2,4-3-3,34,45,47,14,2017-18,126
3,4-4-2,26,58,47,14,2017-18,131
4,4-5-1,15,71,47,14,2017-18,133
5,5-2-3,34,32,56,14,2017-18,122
6,5-3-2,26,45,56,14,2017-18,127
7,5-4-1,15,58,56,14,2017-18,129
0,3-4-3,33,58,28,15,2017-18,119
1,3-5-2,25,67,28,15,2017-18,120
2,4-3-3,33,48,36,15,2017-18,117
3,4-4-2,25,58,36,15,2017-18,119
4,4-5-1,13,67,36,15,2017-18,116
5,5-2-3,33,33,44,15,2017-18,110
6,5-3-2,25,48,44,15,2017-18,117
7,5-4-1,13,58,44,15,2017-18,115
0,3-4-3,38,47,32,16,2017-18,117
1,3-5-2,26,55,32,16,2017-18,113
2,4-3-3,38,38,41,16,2017-18,117
3,4-4-2,26,47,41,16,2017-18,114
4,4-5-1,13,55,41,16,2017-18,109
5,5-2-3,38,27,49,16,2017-18,114
6,5-3-2,26,38,49,16,2017-18,113
7,5-4-1,13,47,49,16,2017-18,109
0,3-4-3,30,51,33,17,2017-18,114
1,3-5-2,24,60,33,17,2017-18,117
2,4-3-3,30,42,42,17,2017-18,114
3,4-4-2,24,51,42,17,2017-18,117
4,4-5-1,16,60,42,17,2017-18,118
5,5-2-3,30,32,50,17,2017-18,112
6,5-3-2,24,42,50,17,2017-18,116
7,5-4-1,16,51,50,17,2017-18,117
0,3-4-3,38,56,36,18,2017-18,130
1,3-5-2,26,68,36,18,2017-18,130
2,4-3-3,38,43,44,18,2017-18,125
3,4-4-2,26,56,44,18,2017-18,126
4,4-5-1,13,68,44,18,2017-18,125
5,5-2-3,38,30,52,18,2017-18,120
6,5-3-2,26,43,52,18,2017-18,121
7,5-4-1,13,56,52,18,2017-18,121
0,3-4-3,44,56,25,19,2017-18,125
1,3-5-2,33,68,25,19,2017-18,126
2,4-3-3,44,43,32,19,2017-18,119
3,4-4-2,33,56,32,19,2017-18,121
4,4-5-1,17,68,32,19,2017-18,117
5,5-2-3,44,30,39,19,2017-18,113
6,5-3-2,33,43,39,19,2017-18,115
7,5-4-1,17,56,39,19,2017-18,112
0,3-4-3,38,59,40,20,2017-18,137
1,3-5-2,30,72,40,20,2017-18,142
2,4-3-3,38,45,49,20,2017-18,132
3,4-4-2,30,59,49,20,2017-18,138
4,4-5-1,17,72,49,20,2017-18,138
5,5-2-3,38,30,57,20,2017-18,125
6,5-3-2,30,45,57,20,2017-18,132
7,5-4-1,17,59,57,20,2017-18,133
0,3-4-3,24,55,32,21,2017-18,111
1,3-5-2,17,64,32,21,2017-18,113
2,4-3-3,24,46,41,21,2017-18,111
3,4-4-2,17,55,41,21,2017-18,113
4,4-5-1,9,64,41,21,2017-18,114
5,5-2-3,24,32,50,21,2017-18,106
6,5-3-2,17,46,50,21,2017-18,113
7,5-4-1,9,55,50,21,2017-18,114
0,3-4-3,29,51,29,22,2017-18,109
1,3-5-2,21,62,29,22,2017-18,112
2,4-3-3,29,39,38,22,2017-18,106
3,4-4-2,21,51,38,22,2017-18,110
4,4-5-1,12,62,38,22,2017-18,112
5,5-2-3,29,27,46,22,2017-18,102
6,5-3-2,21,39,46,22,2017-18,106
7,5-4-1,12,51,46,22,2017-18,109
0,3-4-3,33,58,44,23,2017-18,135
1,3-5-2,25,71,44,23,2017-18,140
2,4-3-3,33,45,53,23,2017-18,131
3,4-4-2,25,58,53,23,2017-18,136
4,4-5-1,13,71,53,23,2017-18,137
5,5-2-3,33,31,62,23,2017-18,126
6,5-3-2,25,45,62,23,2017-18,132
7,5-4-1,13,58,62,23,2017-18,133
0,3-4-3,35,49,48,24,2017-18,132
1,3-5-2,26,58,48,24,2017-18,132
2,4-3-3,35,39,59,24,2017-18,133
3,4-4-2,26,49,59,24,2017-18,134
4,4-5-1,17,58,59,24,2017-18,134
5,5-2-3,35,28,69,24,2017-18,132
6,5-3-2,26,39,69,24,2017-18,134
7,5-4-1,17,49,69,24,2017-18,135
0,3-4-3,28,58,36,25,2017-18,122
1,3-5-2,20,70,36,25,2017-18,126
2,4-3-3,28,44,44,25,2017-18,116
3,4-4-2,20,58,44,25,2017-18,122
4,4-5-1,12,70,44,25,2017-18,126
5,5-2-3,28,30,52,25,2017-18,110
6,5-3-2,20,44,52,25,2017-18,116
7,5-4-1,12,58,52,25,2017-18,122
0,3-4-3,22,61,28,26,2017-18,111
1,3-5-2,16,74,28,26,2017-18,118
2,4-3-3,22,48,36,26,2017-18,106
3,4-4-2,16,61,36,26,2017-18,113
4,4-5-1,8,74,36,26,2017-18,118
5,5-2-3,22,35,43,26,2017-18,100
6,5-3-2,16,48,43,26,2017-18,107
7,5-4-1,8,61,43,26,2017-18,112
0,3-4-3,48,54,35,27,2017-18,137
1,3-5-2,36,66,35,27,2017-18,137
2,4-3-3,48,42,46,27,2017-18,136
3,4-4-2,36,54,46,27,2017-18,136
4,4-5-1,21,66,46,27,2017-18,133
5,5-2-3,48,29,55,27,2017-18,132
6,5-3-2,36,42,55,27,2017-18,133
7,5-4-1,21,54,55,27,2017-18,130
0,3-4-3,37,46,27,28,2017-18,110
1,3-5-2,25,55,27,28,2017-18,107
2,4-3-3,37,36,35,28,2017-18,108
3,4-4-2,25,46,35,28,2017-18,106
4,4-5-1,13,55,35,28,2017-18,103
5,5-2-3,37,26,42,28,2017-18,105
6,5-3-2,25,36,42,28,2017-18,103
7,5-4-1,13,46,42,28,2017-18,101
0,3-4-3,27,50,27,29,2017-18,104
1,3-5-2,18,59,27,29,2017-18,104
2,4-3-3,27,40,35,29,2017-18,102
3,4-4-2,18,50,35,29,2017-18,103
4,4-5-1,9,59,35,29,2017-18,103
5,5-2-3,27,29,43,29,2017-18,99
6,5-3-2,18,40,43,29,2017-18,101
7,5-4-1,9,50,43,29,2017-18,102
0,3-4-3,38,60,37,30,2017-18,135
1,3-5-2,27,71,37,30,2017-18,135
2,4-3-3,38,47,45,30,2017-18,130
3,4-4-2,27,60,45,30,2017-18,132
4,4-5-1,15,71,45,30,2017-18,131
5,5-2-3,38,32,53,30,2017-18,123
6,5-3-2,27,47,53,30,2017-18,127
7,5-4-1,15,60,53,30,2017-18,128
0,3-4-3,27,59,33,31,2017-18,119
1,3-5-2,20,68,33,31,2017-18,121
2,4-3-3,27,49,40,31,2017-18,116
3,4-4-2,20,59,40,31,2017-18,119
4,4-5-1,13,68,40,31,2017-18,121
5,5-2-3,27,39,46,31,2017-18,112
6,5-3-2,20,49,46,31,2017-18,115
7,5-4-1,13,59,46,31,2017-18,118
0,3-4-3,31,56,30,32,2017-18,117
1,3-5-2,22,66,30,32,2017-18,118
2,4-3-3,31,45,39,32,2017-18,115
3,4-4-2,22,56,39,32,2017-18,117
4,4-5-1,13,66,39,32,2017-18,118
5,5-2-3,31,31,47,32,2017-18,109
6,5-3-2,22,45,47,32,2017-18,114
7,5-4-1,13,56,47,32,2017-18,116
0,3-4-3,37,49,28,33,2017-18,114
1,3-5-2,28,59,28,33,2017-18,115
2,4-3-3,37,39,35,33,2017-18,111
3,4-4-2,28,49,35,33,2017-18,112
4,4-5-1,16,59,35,33,2017-18,110
5,5-2-3,37,29,42,33,2017-18,108
6,5-3-2,28,39,42,33,2017-18,109
7,5-4-1,16,49,42,33,2017-18,107
0,3-4-3,33,44,40,34,2017-18,117
1,3-5-2,24,53,40,34,2017-18,117
2,4-3-3,33,34,51,34,2017-18,118
3,4-4-2,24,44,51,34,2017-18,119
4,4-5-1,12,53,51,34,2017-18,116
5,5-2-3,33,24,61,34,2017-18,118
6,5-3-2,24,34,61,34,2017-18,119
7,5-4-1,12,44,61,34,2017-18,117
0,3-4-3,29,44,26,35,2017-18,99
1,3-5-2,22,54,26,35,2017-18,102
2,4-3-3,29,34,34,35,2017-18,97
3,4-4-2,22,44,34,35,2017-18,100
4,4-5-1,13,54,34,35,2017-18,101
5,5-2-3,29,23,42,35,2017-18,94
6,5-3-2,22,34,42,35,2017-18,98
7,5-4-1,13,44,42,35,2017-18,99
0,3-4-3,23,52,37,36,2017-18,112
1,3-5-2,16,63,37,36,2017-18,116
2,4-3-3,23,41,49,36,2017-18,113
3,4-4-2,16,52,49,36,2017-18,117
4,4-5-1,9,63,49,36,2017-18,121
5,5-2-3,23,29,58,36,2017-18,110
6,5-3-2,16,41,58,36,2017-18,115
7,5-4-1,9,52,58,36,2017-18,119
0,3-4-3,35,47,36,37,2017-18,118
1,3-5-2,26,58,36,37,2017-18,120
2,4-3-3,35,36,46,37,2017-18,117
3,4-4-2,26,47,46,37,2017-18,119
4,4-5-1,16,58,46,37,2017-18,120
5,5-2-3,35,25,55,37,2017-18,115
6,5-3-2,26,36,55,37,2017-18,117
7,5-4-1,16,47,55,37,2017-18,118
0,3-4-3,38,56,49,38,2017-18,143
1,3-5-2,26,67,49,38,2017-18,142
2,4-3-3,38,44,60,38,2017-18,142
3,4-4-2,26,56,60,38,2017-18,142
4,4-5-1,13,67,60,38,2017-18,140
5,5-2-3,38,31,69,38,2017-18,138
6,5-3-2,26,44,69,38,2017-18,139
7,5-4-1,13,56,69,38,2017-18,138
0,3-4-3,20,58,40,1,2018-19,118
1,3-5-2,14,69,40,1,2018-19,123
2,4-3-3,20,46,51,1,2018-19,117
3,4-4-2,14,58,51,1,2018-19,123
4,4-5-1,8,69,51,1,2018-19,128
5,5-2-3,20,32,62,1,2018-19,114
6,5-3-2,14,46,62,1,2018-19,122
7,5-4-1,8,58,62,1,2018-19,128
0,3-4-3,40,46,39,2,2018-19,125
1,3-5-2,32,56,39,2,2018-19,127
2,4-3-3,40,36,50,2,2018-19,126
3,4-4-2,32,46,50,2,2018-19,128
4,4-5-1,20,56,50,2,2018-19,126
5,5-2-3,40,25,58,2,2018-19,123
6,5-3-2,32,36,58,2,2018-19,126
7,5-4-1,20,46,58,2,2018-19,124
0,3-4-3,35,41,32,3,2018-19,108
1,3-5-2,26,49,32,3,2018-19,107
2,4-3-3,35,33,42,3,2018-19,110
3,4-4-2,26,41,42,3,2018-19,109
4,4-5-1,16,49,42,3,2018-19,107
5,5-2-3,35,24,52,3,2018-19,111
6,5-3-2,26,33,52,3,2018-19,111
7,5-4-1,16,41,52,3,2018-19,109
0,3-4-3,36,40,33,4,2018-19,109
1,3-5-2,24,49,33,4,2018-19,106
2,4-3-3,36,31,43,4,2018-19,110
3,4-4-2,24,40,43,4,2018-19,107
4,4-5-1,12,49,43,4,2018-19,104
5,5-2-3,36,21,52,4,2018-19,109
6,5-3-2,24,31,52,4,2018-19,107
7,5-4-1,12,40,52,4,2018-19,104
0,3-4-3,33,62,34,5,2018-19,129
1,3-5-2,23,72,34,5,2018-19,129
2,4-3-3,33,51,43,5,2018-19,127
3,4-4-2,23,62,43,5,2018-19,128
4,4-5-1,12,72,43,5,2018-19,127
5,5-2-3,33,38,51,5,2018-19,122
6,5-3-2,23,51,51,5,2018-19,125
7,5-4-1,12,62,51,5,2018-19,125
0,3-4-3,35,52,35,6,2018-19,122
1,3-5-2,24,62,35,6,2018-19,121
2,4-3-3,35,40,43,6,2018-19,118
3,4-4-2,24,52,43,6,2018-19,119
4,4-5-1,12,62,43,6,2018-19,117
5,5-2-3,35,27,50,6,2018-19,112
6,5-3-2,24,40,50,6,2018-19,114
7,5-4-1,12,52,50,6,2018-19,114
0,3-4-3,29,51,42,7,2018-19,122
1,3-5-2,21,61,42,7,2018-19,124
2,4-3-3,29,41,53,7,2018-19,123
3,4-4-2,21,51,53,7,2018-19,125
4,4-5-1,13,61,53,7,2018-19,127
5,5-2-3,29,28,63,7,2018-19,120
6,5-3-2,21,41,63,7,2018-19,125
7,5-4-1,13,51,63,7,2018-19,127
0,3-4-3,42,50,35,8,2018-19,127
1,3-5-2,29,60,35,8,2018-19,124
2,4-3-3,42,40,43,8,2018-19,125
3,4-4-2,29,50,43,8,2018-19,122
4,4-5-1,15,60,43,8,2018-19,118
5,5-2-3,42,27,51,8,2018-19,120
6,5-3-2,29,40,51,8,2018-19,120
7,5-4-1,15,50,51,8,2018-19,116
0,3-4-3,30,52,32,9,2018-19,114
1,3-5-2,24,63,32,9,2018-19,119
2,4-3-3,30,41,41,9,2018-19,112
3,4-4-2,24,52,41,9,2018-19,117
4,4-5-1,12,63,41,9,2018-19,116
5,5-2-3,30,29,50,9,2018-19,109
6,5-3-2,24,41,50,9,2018-19,115
7,5-4-1,12,52,50,9,2018-19,114
0,3-4-3,28,62,35,10,2018-19,125
1,3-5-2,21,73,35,10,2018-19,129
2,4-3-3,28,47,44,10,2018-19,119
3,4-4-2,21,62,44,10,2018-19,127
4,4-5-1,13,73,44,10,2018-19,130
5,5-2-3,28,32,53,10,2018-19,113
6,5-3-2,21,47,53,10,2018-19,121
7,5-4-1,13,62,53,10,2018-19,128
0,3-4-3,38,63,33,11,2018-19,134
1,3-5-2,26,75,33,11,2018-19,134
2,4-3-3,38,50,42,11,2018-19,130
3,4-4-2,26,63,42,11,2018-19,131
4,4-5-1,13,75,42,11,2018-19,130
5,5-2-3,38,36,50,11,2018-19,124
6,5-3-2,26,50,50,11,2018-19,126
7,5-4-1,13,63,50,11,2018-19,126
0,3-4-3,28,42,38,12,2018-19,108
1,3-5-2,21,51,38,12,2018-19,110
2,4-3-3,28,33,48,12,2018-19,109
3,4-4-2,21,42,48,12,2018-19,111
4,4-5-1,12,51,48,12,2018-19,111
5,5-2-3,28,23,57,12,2018-19,108
6,5-3-2,21,33,57,12,2018-19,111
7,5-4-1,12,42,57,12,2018-19,111
0,3-4-3,33,65,36,13,2018-19,134
1,3-5-2,25,78,36,13,2018-19,139
2,4-3-3,33,51,47,13,2018-19,131
3,4-4-2,25,65,47,13,2018-19,137
4,4-5-1,13,78,47,13,2018-19,138
5,5-2-3,33,35,55,13,2018-19,123
6,5-3-2,25,51,55,13,2018-19,131
7,5-4-1,13,65,55,13,2018-19,133
0,3-4-3,38,46,31,14,2018-19,115
1,3-5-2,29,56,31,14,2018-19,116
2,4-3-3,38,36,38,14,2018-19,112
3,4-4-2,29,46,38,14,2018-19,113
4,4-5-1,16,56,38,14,2018-19,110
5,5-2-3,38,25,45,14,2018-19,108
6,5-3-2,29,36,45,14,2018-19,110
7,5-4-1,16,46,45,14,2018-19,107
0,3-4-3,36,46,22,15,2018-19,104
1,3-5-2,24,56,22,15,2018-19,102
2,4-3-3,36,36,29,15,2018-19,101
3,4-4-2,24,46,29,15,2018-19,99
4,4-5-1,12,56,29,15,2018-19,97
5,5-2-3,36,25,35,15,2018-19,96
6,5-3-2,24,36,35,15,2018-19,95
7,5-4-1,12,46,35,15,2018-19,93
0,3-4-3,32,60,41,16,2018-19,133
1,3-5-2,23,71,41,16,2018-19,135
2,4-3-3,32,48,52,16,2018-19,132
3,4-4-2,23,60,52,16,2018-19,135
4,4-5-1,14,71,52,16,2018-19,137
5,5-2-3,32,35,62,16,2018-19,129
6,5-3-2,23,48,62,16,2018-19,133
7,5-4-1,14,60,62,16,2018-19,136
0,3-4-3,35,54,30,17,2018-19,119
1,3-5-2,26,65,30,17,2018-19,121
2,4-3-3,35,41,38,17,2018-19,114
3,4-4-2,26,54,38,17,2018-19,118
4,4-5-1,13,65,38,17,2018-19,116
5,5-2-3,35,28,46,17,2018-19,109
6,5-3-2,26,41,46,17,2018-19,113
7,5-4-1,13,54,46,17,2018-19,113
0,3-4-3,37,67,32,18,2018-19,136
1,3-5-2,28,80,32,18,2018-19,140
2,4-3-3,37,54,40,18,2018-19,131
3,4-4-2,28,67,40,18,2018-19,135
4,4-5-1,15,80,40,18,2018-19,135
5,5-2-3,37,39,47,18,2018-19,123
6,5-3-2,28,54,47,18,2018-19,129
7,5-4-1,15,67,47,18,2018-19,129
0,3-4-3,23,58,50,19,2018-19,131
1,3-5-2,17,71,50,19,2018-19,138
2,4-3-3,23,45,61,19,2018-19,129
3,4-4-2,17,58,61,19,2018-19,136
4,4-5-1,9,71,61,19,2018-19,141
5,5-2-3,23,30,71,19,2018-19,124
6,5-3-2,17,45,71,19,2018-19,133
7,5-4-1,9,58,71,19,2018-19,138
0,3-4-3,37,50,29,20,2018-19,116
1,3-5-2,28,60,29,20,2018-19,117
2,4-3-3,37,40,36,20,2018-19,113
3,4-4-2,28,50,36,20,2018-19,114
4,4-5-1,17,60,36,20,2018-19,113
5,5-2-3,37,30,43,20,2018-19,110
6,5-3-2,28,40,43,20,2018-19,111
7,5-4-1,17,50,43,20,2018-19,110
0,3-4-3,40,46,32,21,2018-19,118
1,3-5-2,28,56,32,21,2018-19,116
2,4-3-3,40,36,40,21,2018-19,116
3,4-4-2,28,46,40,21,2018-19,114
4,4-5-1,15,56,40,21,2018-19,111
5,5-2-3,40,25,47,21,2018-19,112
6,5-3-2,28,36,47,21,2018-19,111
7,5-4-1,15,46,47,21,2018-19,108
0,3-4-3,32,40,40,22,2018-19,112
1,3-5-2,25,49,40,22,2018-19,114
2,4-3-3,32,31,49,22,2018-19,112
3,4-4-2,25,40,49,22,2018-19,114
4,4-5-1,13,49,49,22,2018-19,111
5,5-2-3,32,22,57,22,2018-19,111
6,5-3-2,25,31,57,22,2018-19,113
7,5-4-1,13,40,57,22,2018-19,110
0,3-4-3,25,56,51,23,2018-19,132
1,3-5-2,17,66,51,23,2018-19,134
2,4-3-3,25,46,62,23,2018-19,133
3,4-4-2,17,56,62,23,2018-19,135
4,4-5-1,9,66,62,23,2018-19,137
5,5-2-3,25,34,73,23,2018-19,132
6,5-3-2,17,46,73,23,2018-19,136
7,5-4-1,9,56,73,23,2018-19,138
0,3-4-3,41,42,31,24,2018-19,114
1,3-5-2,29,51,31,24,2018-19,111
2,4-3-3,41,33,39,24,2018-19,113
3,4-4-2,29,42,39,24,2018-19,110
4,4-5-1,16,51,39,24,2018-19,106
5,5-2-3,41,23,46,24,2018-19,110
6,5-3-2,29,33,46,24,2018-19,108
7,5-4-1,16,42,46,24,2018-19,104
0,3-4-3,43,48,42,25,2018-19,133
1,3-5-2,30,58,42,25,2018-19,130
2,4-3-3,43,37,51,25,2018-19,131
3,4-4-2,30,48,51,25,2018-19,129
4,4-5-1,17,58,51,25,2018-19,126
5,5-2-3,43,26,59,25,2018-19,128
6,5-3-2,30,37,59,25,2018-19,126
7,5-4-1,17,48,59,25,2018-19,124
0,3-4-3,41,59,32,26,2018-19,132
1,3-5-2,30,70,32,26,2018-19,132
2,4-3-3,41,47,41,26,2018-19,129
3,4-4-2,30,59,41,26,2018-19,130
4,4-5-1,17,70,41,26,2018-19,128
5,5-2-3,41,34,49,26,2018-19,124
6,5-3-2,30,47,49,26,2018-19,126
7,5-4-1,17,59,49,26,2018-19,125
0,3-4-3,40,54,24,27,2018-19,118
1,3-5-2,28,62,24,27,2018-19,114
2,4-3-3,40,46,31,27,2018-19,117
3,4-4-2,28,54,31,27,2018-19,113
4,4-5-1,15,62,31,27,2018-19,108
5,5-2-3,40,37,38,27,2018-19,115
6,5-3-2,28,46,38,27,2018-19,112
7,5-4-1,15,54,38,27,2018-19,107
0,3-4-3,29,57,53,28,2018-19,139
1,3-5-2,21,68,53,28,2018-19,142
2,4-3-3,29,45,66,28,2018-19,140
3,4-4-2,21,57,66,28,2018-19,144
4,4-5-1,12,68,66,28,2018-19,146
5,5-2-3,29,32,78,28,2018-19,139
6,5-3-2,21,45,78,28,2018-19,144
7,5-4-1,12,57,78,28,2018-19,147
0,3-4-3,35,40,33,29,2018-19,108
1,3-5-2,24,48,33,29,2018-19,105
2,4-3-3,35,32,41,29,2018-19,108
3,4-4-2,24,40,41,29,2018-19,105
4,4-5-1,12,48,41,29,2018-19,101
5,5-2-3,35,23,49,29,2018-19,107
6,5-3-2,24,32,49,29,2018-19,105
7,5-4-1,12,40,49,29,2018-19,101
0,3-4-3,45,59,21,30,2018-19,125
1,3-5-2,32,70,21,30,2018-19,123
2,4-3-3,45,48,27,30,2018-19,120
3,4-4-2,32,59,27,30,2018-19,118
4,4-5-1,16,70,27,30,2018-19,113
5,5-2-3,45,35,33,30,2018-19,113
6,5-3-2,32,48,33,30,2018-19,113
7,5-4-1,16,59,33,30,2018-19,108
0,3-4-3,38,39,25,31,2018-19,102
1,3-5-2,26,47,25,31,2018-19,98
2,4-3-3,38,31,31,31,2018-19,100
3,4-4-2,26,39,31,31,2018-19,96
4,4-5-1,13,47,31,31,2018-19,91
5,5-2-3,38,22,37,31,2018-19,97
6,5-3-2,26,31,37,31,2018-19,94
7,5-4-1,13,39,37,31,2018-19,89
0,3-4-3,29,55,45,32,2018-19,129
1,3-5-2,21,68,45,32,2018-19,134
2,4-3-3,29,42,57,32,2018-19,128
3,4-4-2,21,55,57,32,2018-19,133
4,4-5-1,11,68,57,32,2018-19,136
5,5-2-3,29,28,68,32,2018-19,125
6,5-3-2,21,42,68,32,2018-19,131
7,5-4-1,11,55,68,32,2018-19,134
0,3-4-3,34,49,31,33,2018-19,114
1,3-5-2,27,59,31,33,2018-19,117
2,4-3-3,34,39,38,33,2018-19,111
3,4-4-2,27,49,38,33,2018-19,114
4,4-5-1,16,59,38,33,2018-19,113
5,5-2-3,34,29,45,33,2018-19,108
6,5-3-2,27,39,45,33,2018-19,111
7,5-4-1,16,49,45,33,2018-19,110
0,3-4-3,37,67,36,34,2018-19,140
1,3-5-2,28,81,36,34,2018-19,145
2,4-3-3,37,52,45,34,2018-19,134
3,4-4-2,28,67,45,34,2018-19,140
4,4-5-1,15,81,45,34,2018-19,141
5,5-2-3,37,37,53,34,2018-19,127
6,5-3-2,28,52,53,34,2018-19,133
7,5-4-1,15,67,53,34,2018-19,135
0,3-4-3,38,52,36,35,2018-19,126
1,3-5-2,29,63,36,35,2018-19,128
2,4-3-3,38,41,45,35,2018-19,124
3,4-4-2,29,52,45,35,2018-19,126
4,4-5-1,17,63,45,35,2018-19,125
5,5-2-3,38,30,54,35,2018-19,122
6,5-3-2,29,41,54,35,2018-19,124
7,5-4-1,17,52,54,35,2018-19,123
0,3-4-3,38,54,35,36,2018-19,127
1,3-5-2,29,63,35,36,2018-19,127
2,4-3-3,38,44,45,36,2018-19,127
3,4-4-2,29,54,45,36,2018-19,128
4,4-5-1,16,63,45,36,2018-19,124
5,5-2-3,38,32,55,36,2018-19,125
6,5-3-2,29,44,55,36,2018-19,128
7,5-4-1,16,54,55,36,2018-19,125
0,3-4-3,33,42,43,37,2018-19,118
1,3-5-2,24,51,43,37,2018-19,118
2,4-3-3,33,33,57,37,2018-19,123
3,4-4-2,24,42,57,37,2018-19,123
4,4-5-1,13,51,57,37,2018-19,121
5,5-2-3,33,24,70,37,2018-19,127
6,5-3-2,24,33,70,37,2018-19,127
7,5-4-1,13,42,70,37,2018-19,125
0,3-4-3,36,59,39,38,2018-19,134
1,3-5-2,26,72,39,38,2018-19,137
2,4-3-3,36,46,47,38,2018-19,129
3,4-4-2,26,59,47,38,2018-19,132
4,4-5-1,13,72,47,38,2018-19,132
5,5-2-3,36,31,55,38,2018-19,122
6,5-3-2,26,46,55,38,2018-19,127
7,5-4-1,13,59,55,38,2018-19,127
0,3-4-3,39,55,37,1,2019-20,131
1,3-5-2,26,64,37,1,2019-20,127
2,4-3-3,39,46,47,1,2019-20,132
3,4-4-2,26,55,47,1,2019-20,128
4,4-5-1,13,64,47,1,2019-20,124
5,5-2-3,39,34,56,1,2019-20,129
6,5-3-2,26,46,56,1,2019-20,128
7,5-4-1,13,55,56,1,2019-20,124
0,3-4-3,33,47,32,2,2019-20,112
1,3-5-2,25,58,32,2,2019-20,115
2,4-3-3,33,36,39,2,2019-20,108
3,4-4-2,25,47,39,2,2019-20,111
4,4-5-1,17,58,39,2,2019-20,114
5,5-2-3,33,25,45,2,2019-20,103
6,5-3-2,25,36,45,2,2019-20,106
7,5-4-1,17,47,45,2,2019-20,109
0,3-4-3,39,44,28,3,2019-20,111
1,3-5-2,26,52,28,3,2019-20,106
2,4-3-3,39,35,37,3,2019-20,111
3,4-4-2,26,44,37,3,2019-20,107
4,4-5-1,13,52,37,3,2019-20,102
5,5-2-3,39,25,45,3,2019-20,109
6,5-3-2,26,35,45,3,2019-20,106
7,5-4-1,13,44,45,3,2019-20,102
0,3-4-3,45,51,34,4,2019-20,130
1,3-5-2,32,61,34,4,2019-20,127
2,4-3-3,45,40,42,4,2019-20,127
3,4-4-2,32,51,42,4,2019-20,125
4,4-5-1,16,61,42,4,2019-20,119
5,5-2-3,45,28,50,4,2019-20,123
6,5-3-2,32,40,50,4,2019-20,122
7,5-4-1,16,51,50,4,2019-20,117
0,3-4-3,40,53,33,5,2019-20,126
1,3-5-2,27,62,33,5,2019-20,122
2,4-3-3,40,42,41,5,2019-20,123
3,4-4-2,27,53,41,5,2019-20,121
4,4-5-1,14,62,41,5,2019-20,117
5,5-2-3,40,31,49,5,2019-20,120
6,5-3-2,27,42,49,5,2019-20,118
7,5-4-1,14,53,49,5,2019-20,116
0,3-4-3,31,62,41,6,2019-20,134
1,3-5-2,22,73,41,6,2019-20,136
2,4-3-3,31,51,50,6,2019-20,132
3,4-4-2,22,62,50,6,2019-20,134
4,4-5-1,13,73,50,6,2019-20,136
5,5-2-3,31,36,58,6,2019-20,125
6,5-3-2,22,51,58,6,2019-20,131
7,5-4-1,13,62,58,6,2019-20,133
0,3-4-3,33,41,39,7,2019-20,113
1,3-5-2,24,51,39,7,2019-20,114
2,4-3-3,33,31,48,7,2019-20,112
3,4-4-2,24,41,48,7,2019-20,113
4,4-5-1,12,51,48,7,2019-20,111
5,5-2-3,33,21,57,7,2019-20,111
6,5-3-2,24,31,57,7,2019-20,112
7,5-4-1,12,41,57,7,2019-20,110
0,3-4-3,37,52,37,8,2019-20,126
1,3-5-2,27,62,37,8,2019-20,126
2,4-3-3,37,41,46,8,2019-20,124
3,4-4-2,27,52,46,8,2019-20,125
4,4-5-1,14,62,46,8,2019-20,122
5,5-2-3,37,29,55,8,2019-20,121
6,5-3-2,27,41,55,8,2019-20,123
7,5-4-1,14,52,55,8,2019-20,121
0,3-4-3,26,45,37,9,2019-20,108
1,3-5-2,18,54,37,9,2019-20,109
2,4-3-3,26,35,47,9,2019-20,108
3,4-4-2,18,45,47,9,2019-20,110
4,4-5-1,9,54,47,9,2019-20,110
5,5-2-3,26,24,56,9,2019-20,106
6,5-3-2,18,35,56,9,2019-20,109
7,5-4-1,9,45,56,9,2019-20,110
0,3-4-3,38,63,37,10,2019-20,138
1,3-5-2,29,74,37,10,2019-20,140
2,4-3-3,38,52,45,10,2019-20,135
3,4-4-2,29,63,45,10,2019-20,137
4,4-5-1,20,74,45,10,2019-20,139
5,5-2-3,38,40,53,10,2019-20,131
6,5-3-2,29,52,53,10,2019-20,134
7,5-4-1,20,63,53,10,2019-20,136
0,3-4-3,34,41,49,11,2019-20,124
1,3-5-2,25,50,49,11,2019-20,124
2,4-3-3,34,32,61,11,2019-20,127
3,4-4-2,25,41,61,11,2019-20,127
4,4-5-1,13,50,61,11,2019-20,124
5,5-2-3,34,23,73,11,2019-20,130
6,5-3-2,25,32,73,11,2019-20,130
7,5-4-1,13,41,73,11,2019-20,127
0,3-4-3,33,41,31,12,2019-20,105
1,3-5-2,24,51,31,12,2019-20,106
2,4-3-3,33,31,39,12,2019-20,103
3,4-4-2,24,41,39,12,2019-20,104
4,4-5-1,12,51,39,12,2019-20,102
5,5-2-3,33,21,47,12,2019-20,101
6,5-3-2,24,31,47,12,2019-20,102
7,5-4-1,12,41,47,12,2019-20,100
0,3-4-3,35,50,34,13,2019-20,119
1,3-5-2,24,60,34,13,2019-20,118
2,4-3-3,35,40,42,13,2019-20,117
3,4-4-2,24,50,42,13,2019-20,116
4,4-5-1,12,60,42,13,2019-20,114
5,5-2-3,35,27,49,13,2019-20,111
6,5-3-2,24,40,49,13,2019-20,113
7,5-4-1,12,50,49,13,2019-20,111
0,3-4-3,33,48,41,14,2019-20,122
1,3-5-2,24,58,41,14,2019-20,123
2,4-3-3,33,38,51,14,2019-20,122
3,4-4-2,24,48,51,14,2019-20,123
4,4-5-1,13,58,51,14,2019-20,122
5,5-2-3,33,27,59,14,2019-20,119
6,5-3-2,24,38,59,14,2019-20,121
7,5-4-1,13,48,59,14,2019-20,120
0,3-4-3,39,46,33,15,2019-20,118
1,3-5-2,26,55,33,15,2019-20,114
2,4-3-3,39,36,41,15,2019-20,116
3,4-4-2,26,46,41,15,2019-20,113
4,4-5-1,13,55,41,15,2019-20,109
5,5-2-3,39,26,49,15,2019-20,114
6,5-3-2,26,36,49,15,2019-20,111
7,5-4-1,13,46,49,15,2019-20,108
0,3-4-3,42,51,34,16,2019-20,127
1,3-5-2,29,61,34,16,2019-20,124
2,4-3-3,42,39,43,16,2019-20,124
3,4-4-2,29,51,43,16,2019-20,123
4,4-5-1,16,61,43,16,2019-20,120
5,5-2-3,42,27,51,16,2019-20,120
6,5-3-2,29,39,51,16,2019-20,119
7,5-4-1,16,51,51,16,2019-20,118
0,3-4-3,27,60,29,17,2019-20,116
1,3-5-2,18,70,29,17,2019-20,117
2,4-3-3,27,50,37,17,2019-20,114
3,4-4-2,18,60,37,17,2019-20,115
4,4-5-1,9,70,37,17,2019-20,116
5,5-2-3,27,35,45,17,2019-20,107
6,5-3-2,18,50,45,17,2019-20,113
7,5-4-1,9,60,45,17,2019-20,114
0,3-4-3,30,49,32,18,2019-20,111
1,3-5-2,22,57,32,18,2019-20,111
2,4-3-3,30,39,41,18,2019-20,110
3,4-4-2,22,49,41,18,2019-20,112
4,4-5-1,13,57,41,18,2019-20,111
5,5-2-3,30,29,50,18,2019-20,109
6,5-3-2,22,39,50,18,2019-20,111
7,5-4-1,13,49,50,18,2019-20,112
0,3-4-3,35,48,46,19,2019-20,129
1,3-5-2,24,57,46,19,2019-20,127
2,4-3-3,35,38,55,19,2019-20,128
3,4-4-2,24,48,55,19,2019-20,127
4,4-5-1,12,57,55,19,2019-20,124
5,5-2-3,35,28,63,19,2019-20,126
6,5-3-2,24,38,63,19,2019-20,125
7,5-4-1,12,48,63,19,2019-20,123
0,3-4-3,33,46,26,20,2019-20,105
1,3-5-2,24,56,26,20,2019-20,106
2,4-3-3,33,36,34,20,2019-20,103
3,4-4-2,24,46,34,20,2019-20,104
4,4-5-1,12,56,34,20,2019-20,102
5,5-2-3,33,25,42,20,2019-20,100
6,5-3-2,24,36,42,20,2019-20,102
7,5-4-1,12,46,42,20,2019-20,100
0,3-4-3,34,53,38,21,2019-20,125
1,3-5-2,25,63,38,21,2019-20,126
2,4-3-3,34,42,49,21,2019-20,125
3,4-4-2,25,53,49,21,2019-20,127
4,4-5-1,13,63,49,21,2019-20,125
5,5-2-3,34,29,60,21,2019-20,123
6,5-3-2,25,42,60,21,2019-20,127
7,5-4-1,13,53,60,21,2019-20,126
0,3-4-3,42,52,35,22,2019-20,129
1,3-5-2,32,62,35,22,2019-20,129
2,4-3-3,42,42,45,22,2019-20,129
3,4-4-2,32,52,45,22,2019-20,129
4,4-5-1,20,62,45,22,2019-20,127
5,5-2-3,42,31,53,22,2019-20,126
6,5-3-2,32,42,53,22,2019-20,127
7,5-4-1,20,52,53,22,2019-20,125
0,3-4-3,35,40,34,23,2019-20,109
1,3-5-2,26,49,34,23,2019-20,109
2,4-3-3,35,30,42,23,2019-20,107
3,4-4-2,26,40,42,23,2019-20,108
4,4-5-1,13,49,42,23,2019-20,104
5,5-2-3,35,20,50,23,2019-20,105
6,5-3-2,26,30,50,23,2019-20,106
7,5-4-1,13,40,50,23,2019-20,103
0,3-4-3,30,55,37,24,2019-20,122
1,3-5-2,21,68,37,24,2019-20,126
2,4-3-3,30,42,47,24,2019-20,119
3,4-4-2,21,55,47,24,2019-20,123
4,4-5-1,12,68,47,24,2019-20,127
5,5-2-3,30,29,56,24,2019-20,115
6,5-3-2,21,42,56,24,2019-20,119
7,5-4-1,12,55,56,24,2019-20,123
0,3-4-3,25,57,40,25,2019-20,122
1,3-5-2,19,67,40,25,2019-20,126
2,4-3-3,25,47,49,25,2019-20,121
3,4-4-2,19,57,49,25,2019-20,125
4,4-5-1,11,67,49,25,2019-20,127
5,5-2-3,25,34,58,25,2019-20,117
6,5-3-2,19,47,58,25,2019-20,124
7,5-4-1,11,57,58,25,2019-20,126
0,3-4-3,29,57,34,26,2019-20,120
1,3-5-2,20,67,34,26,2019-20,121
2,4-3-3,29,44,43,26,2019-20,116
3,4-4-2,20,57,43,26,2019-20,120
4,4-5-1,11,67,43,26,2019-20,121
5,5-2-3,29,31,51,26,2019-20,111
6,5-3-2,20,44,51,26,2019-20,115
7,5-4-1,11,57,51,26,2019-20,119
0,3-4-3,38,46,36,27,2019-20,120
1,3-5-2,29,55,36,27,2019-20,120
2,4-3-3,38,37,46,27,2019-20,121
3,4-4-2,29,46,46,27,2019-20,121
4,4-5-1,16,55,46,27,2019-20,117
5,5-2-3,38,28,56,27,2019-20,122
6,5-3-2,29,37,56,27,2019-20,122
7,5-4-1,16,46,56,27,2019-20,118
0,3-4-3,32,49,43,28,2019-20,124
1,3-5-2,23,58,43,28,2019-20,124
2,4-3-3,32,40,54,28,2019-20,126
3,4-4-2,23,49,54,28,2019-20,126
4,4-5-1,12,58,54,28,2019-20,124
5,5-2-3,32,30,62,28,2019-20,124
6,5-3-2,23,40,62,28,2019-20,125
7,5-4-1,12,49,62,28,2019-20,123
0,3-4-3,29,57,29,29,2019-20,115
1,3-5-2,20,69,29,29,2019-20,118
2,4-3-3,29,45,37,29,2019-20,111
3,4-4-2,20,57,37,29,2019-20,114
4,4-5-1,11,69,37,29,2019-20,117
5,5-2-3,29,32,45,29,2019-20,106
6,5-3-2,20,45,45,29,2019-20,110
7,5-4-1,11,57,45,29,2019-20,113
0,3-4-3,28,58,42,30,2019-20,128
1,3-5-2,20,69,42,30,2019-20,131
2,4-3-3,28,45,53,30,2019-20,126
3,4-4-2,20,58,53,30,2019-20,131
4,4-5-1,11,69,53,30,2019-20,133
5,5-2-3,28,31,64,30,2019-20,123
6,5-3-2,20,45,64,30,2019-20,129
7,5-4-1,11,58,64,30,2019-20,133
0,3-4-3,26,56,41,31,2019-20,123
1,3-5-2,18,65,41,31,2019-20,124
2,4-3-3,26,46,52,31,2019-20,124
3,4-4-2,18,56,52,31,2019-20,126
4,4-5-1,9,65,52,31,2019-20,126
5,5-2-3,26,35,63,31,2019-20,124
6,5-3-2,18,46,63,31,2019-20,127
7,5-4-1,9,56,63,31,2019-20,128
0,3-4-3,41,60,37,32,2019-20,138
1,3-5-2,29,74,37,32,2019-20,140
2,4-3-3,41,46,44,32,2019-20,131
3,4-4-2,29,60,44,32,2019-20,133
4,4-5-1,16,74,44,32,2019-20,134
5,5-2-3,41,31,51,32,2019-20,123
6,5-3-2,29,46,51,32,2019-20,126
7,5-4-1,16,60,51,32,2019-20,127
0,3-4-3,35,53,33,33,2019-20,121
1,3-5-2,26,64,33,33,2019-20,123
2,4-3-3,35,42,41,33,2019-20,118
3,4-4-2,26,53,41,33,2019-20,120
4,4-5-1,13,64,41,33,2019-20,118
5,5-2-3,35,29,49,33,2019-20,113
6,5-3-2,26,42,49,33,2019-20,117
7,5-4-1,13,53,49,33,2019-20,115
0,3-4-3,27,60,35,34,2019-20,122
1,3-5-2,18,70,35,34,2019-20,123
2,4-3-3,27,49,43,34,2019-20,119
3,4-4-2,18,60,43,34,2019-20,121
4,4-5-1,9,70,43,34,2019-20,122
5,5-2-3,27,35,51,34,2019-20,113
6,5-3-2,18,49,51,34,2019-20,118
7,5-4-1,9,60,51,34,2019-20,120
0,3-4-3,40,76,31,35,2019-20,147
1,3-5-2,27,89,31,35,2019-20,147
2,4-3-3,40,63,40,35,2019-20,143
3,4-4-2,27,76,40,35,2019-20,143
4,4-5-1,14,89,40,35,2019-20,143
5,5-2-3,40,47,49,35,2019-20,136
6,5-3-2,27,63,49,35,2019-20,139
7,5-4-1,14,76,49,35,2019-20,139
0,3-4-3,35,39,30,36,2019-20,104
1,3-5-2,24,47,30,36,2019-20,101
2,4-3-3,35,31,39,36,2019-20,105
3,4-4-2,24,39,39,36,2019-20,102
4,4-5-1,12,47,39,36,2019-20,98
5,5-2-3,35,23,47,36,2019-20,105
6,5-3-2,24,31,47,36,2019-20,102
7,5-4-1,12,39,47,36,2019-20,98
0,3-4-3,30,47,38,37,2019-20,115
1,3-5-2,22,56,38,37,2019-20,116
2,4-3-3,30,37,50,37,2019-20,117
3,4-4-2,22,47,50,37,2019-20,119
4,4-5-1,13,56,50,37,2019-20,119
5,5-2-3,30,27,62,37,2019-20,119
6,5-3-2,22,37,62,37,2019-20,121
7,5-4-1,13,47,62,37,2019-20,122
0,3-4-3,41,54,32,38,2019-20,127
1,3-5-2,29,63,32,38,2019-20,124
2,4-3-3,41,44,41,38,2019-20,126
3,4-4-2,29,54,41,38,2019-20,124
4,4-5-1,16,63,41,38,2019-20,120
5,5-2-3,41,33,49,38,2019-20,123
6,5-3-2,29,44,49,38,2019-20,122
7,5-4-1,16,54,49,38,2019-20,119
0,3-4-3,29,60,44,1,2020-21,133
1,3-5-2,21,69,44,1,2020-21,134
2,4-3-3,29,48,58,1,2020-21,135
3,4-4-2,21,60,58,1,2020-21,139
4,4-5-1,13,69,58,1,2020-21,140
5,5-2-3,29,34,70,1,2020-21,133
6,5-3-2,21,48,70,1,2020-21,139
7,5-4-1,13,60,70,1,2020-21,143
0,3-4-3,54,69,34,2,2020-21,157
1,3-5-2,38,82,34,2,2020-21,154
2,4-3-3,54,55,41,2,2020-21,150
3,4-4-2,38,69,41,2,2020-21,148
4,4-5-1,21,82,41,2,2020-21,144
5,5-2-3,54,40,48,2,2020-21,142
6,5-3-2,38,55,48,2,2020-21,141
7,5-4-1,21,69,48,2,2020-21,138
0,3-4-3,39,53,34,3,2020-21,126
1,3-5-2,30,65,34,3,2020-21,129
2,4-3-3,39,41,42,3,2020-21,122
3,4-4-2,30,53,42,3,2020-21,125
4,4-5-1,17,65,42,3,2020-21,124
5,5-2-3,39,29,50,3,2020-21,118
6,5-3-2,30,41,50,3,2020-21,121
7,5-4-1,17,53,50,3,2020-21,120
0,3-4-3,51,75,46,4,2020-21,172
1,3-5-2,35,88,46,4,2020-21,169
2,4-3-3,51,60,58,4,2020-21,169
3,4-4-2,35,75,58,4,2020-21,168
4,4-5-1,19,88,58,4,2020-21,165
5,5-2-3,51,42,69,4,2020-21,162
6,5-3-2,35,60,69,4,2020-21,164
7,5-4-1,19,75,69,4,2020-21,163
0,3-4-3,43,50,28,5,2020-21,121
1,3-5-2,32,61,28,5,2020-21,121
2,4-3-3,43,39,36,5,2020-21,118
3,4-4-2,32,50,36,5,2020-21,118
4,4-5-1,16,61,36,5,2020-21,113
5,5-2-3,43,28,44,5,2020-21,115
6,5-3-2,32,39,44,5,2020-21,115
7,5-4-1,16,50,44,5,2020-21,110
0,3-4-3,36,44,25,6,2020-21,105
1,3-5-2,27,53,25,6,2020-21,105
2,4-3-3,36,35,33,6,2020-21,104
3,4-4-2,27,44,33,6,2020-21,104
4,4-5-1,17,53,33,6,2020-21,103
5,5-2-3,36,24,40,6,2020-21,100
6,5-3-2,27,35,40,6,2020-21,102
7,5-4-1,17,44,40,6,2020-21,101
0,3-4-3,34,61,45,7,2020-21,140
1,3-5-2,26,71,45,7,2020-21,142
2,4-3-3,34,47,59,7,2020-21,140
3,4-4-2,26,61,59,7,2020-21,146
4,4-5-1,14,71,59,7,2020-21,144
5,5-2-3,34,32,71,7,2020-21,137
6,5-3-2,26,47,71,7,2020-21,144
7,5-4-1,14,61,71,7,2020-21,146
0,3-4-3,31,51,32,8,2020-21,114
1,3-5-2,22,60,32,8,2020-21,114
2,4-3-3,31,41,41,8,2020-21,113
3,4-4-2,22,51,41,8,2020-21,114
4,4-5-1,13,60,41,8,2020-21,114
5,5-2-3,31,30,49,8,2020-21,110
6,5-3-2,22,41,49,8,2020-21,112
7,5-4-1,13,51,49,8,2020-21,113
0,3-4-3,31,41,30,9,2020-21,102
1,3-5-2,22,50,30,9,2020-21,102
2,4-3-3,31,32,38,9,2020-21,101
3,4-4-2,22,41,38,9,2020-21,101
4,4-5-1,13,50,38,9,2020-21,101
5,5-2-3,31,22,46,9,2020-21,99
6,5-3-2,22,32,46,9,2020-21,100
7,5-4-1,13,41,46,9,2020-21,100
0,3-4-3,38,58,32,10,2020-21,128
1,3-5-2,27,68,32,10,2020-21,127
2,4-3-3,38,47,40,10,2020-21,125
3,4-4-2,27,58,40,10,2020-21,125
4,4-5-1,15,68,40,10,2020-21,123
5,5-2-3,38,34,48,10,2020-21,120
6,5-3-2,27,47,48,10,2020-21,122
7,5-4-1,15,58,48,10,2020-21,121
0,3-4-3,33,59,31,11,2020-21,123
1,3-5-2,25,72,31,11,2020-21,128
2,4-3-3,33,46,38,11,2020-21,117
3,4-4-2,25,59,38,11,2020-21,122
4,4-5-1,13,72,38,11,2020-21,123
5,5-2-3,33,32,44,11,2020-21,109
6,5-3-2,25,46,44,11,2020-21,115
7,5-4-1,13,59,44,11,2020-21,116
0,3-4-3,31,45,34,12,2020-21,110
1,3-5-2,22,54,34,12,2020-21,110
2,4-3-3,31,36,43,12,2020-21,110
3,4-4-2,22,45,43,12,2020-21,110
4,4-5-1,13,54,43,12,2020-21,110
5,5-2-3,31,27,51,12,2020-21,109
6,5-3-2,22,36,51,12,2020-21,109
7,5-4-1,13,45,51,12,2020-21,109
0,3-4-3,35,46,31,13,2020-21,112
1,3-5-2,25,55,31,13,2020-21,111
2,4-3-3,35,36,39,13,2020-21,110
3,4-4-2,25,46,39,13,2020-21,110
4,4-5-1,13,55,39,13,2020-21,107
5,5-2-3,35,26,47,13,2020-21,108
6,5-3-2,25,36,47,13,2020-21,108
7,5-4-1,13,46,47,13,2020-21,106
0,3-4-3,41,67,35,14,2020-21,143
1,3-5-2,29,80,35,14,2020-21,144
2,4-3-3,41,51,45,14,2020-21,137
3,4-4-2,29,67,45,14,2020-21,141
4,4-5-1,16,80,45,14,2020-21,141
5,5-2-3,41,35,54,14,2020-21,130
6,5-3-2,29,51,54,14,2020-21,134
7,5-4-1,16,67,54,14,2020-21,137
0,3-4-3,27,47,34,15,2020-21,108
1,3-5-2,19,58,34,15,2020-21,111
2,4-3-3,27,36,43,15,2020-21,106
3,4-4-2,19,47,43,15,2020-21,109
4,4-5-1,11,58,43,15,2020-21,112
5,5-2-3,27,25,52,15,2020-21,104
6,5-3-2,19,36,52,15,2020-21,107
7,5-4-1,11,47,52,15,2020-21,110
0,3-4-3,24,31,39,16,2020-21,94
1,3-5-2,16,38,39,16,2020-21,93
2,4-3-3,24,24,48,16,2020-21,96
3,4-4-2,16,31,48,16,2020-21,95
4,4-5-1,8,38,48,16,2020-21,94
5,5-2-3,24,16,57,16,2020-21,97
6,5-3-2,16,24,57,16,2020-21,97
7,5-4-1,8,31,57,16,2020-21,96
0,3-4-3,33,51,42,17,2020-21,126
1,3-5-2,24,62,42,17,2020-21,128
2,4-3-3,33,40,52,17,2020-21,125
3,4-4-2,24,51,52,17,2020-21,127
4,4-5-1,12,62,52,17,2020-21,126
5,5-2-3,33,27,60,17,2020-21,120
6,5-3-2,24,40,60,17,2020-21,124
7,5-4-1,12,51,60,17,2020-21,123
0,3-4-3,15,38,28,18,2020-21,81
1,3-5-2,13,45,28,18,2020-21,86
2,4-3-3,15,30,36,18,2020-21,81
3,4-4-2,13,38,36,18,2020-21,87
4,4-5-1,8,45,36,18,2020-21,89
5,5-2-3,15,22,44,18,2020-21,81
6,5-3-2,13,30,44,18,2020-21,87
7,5-4-1,8,38,44,18,2020-21,90
0,3-4-3,27,53,45,19,2020-21,125
1,3-5-2,18,64,45,19,2020-21,127
2,4-3-3,27,42,57,19,2020-21,126
3,4-4-2,18,53,57,19,2020-21,128
4,4-5-1,9,64,57,19,2020-21,130
5,5-2-3,27,30,68,19,2020-21,125
6,5-3-2,18,42,68,19,2020-21,128
7,5-4-1,9,53,68,19,2020-21,130
0,3-4-3,26,57,40,20,2020-21,123
1,3-5-2,19,70,40,20,2020-21,129
2,4-3-3,26,44,49,20,2020-21,119
3,4-4-2,19,57,49,20,2020-21,125
4,4-5-1,11,70,49,20,2020-21,130
5,5-2-3,26,30,57,20,2020-21,113
6,5-3-2,19,44,57,20,2020-21,120
7,5-4-1,11,57,57,20,2020-21,125
0,3-4-3,37,49,40,21,2020-21,126
1,3-5-2,28,58,40,21,2020-21,126
2,4-3-3,37,39,49,21,2020-21,125
3,4-4-2,28,49,49,21,2020-21,126
4,4-5-1,15,58,49,21,2020-21,122
5,5-2-3,37,28,58,21,2020-21,123
6,5-3-2,28,39,58,21,2020-21,125
7,5-4-1,15,49,58,21,2020-21,122
0,3-4-3,31,54,40,22,2020-21,125
1,3-5-2,22,65,40,22,2020-21,127
2,4-3-3,31,43,48,22,2020-21,122
3,4-4-2,22,54,48,22,2020-21,124
4,4-5-1,13,65,48,22,2020-21,126
5,5-2-3,31,32,56,22,2020-21,119
6,5-3-2,22,43,56,22,2020-21,121
7,5-4-1,13,54,56,22,2020-21,123
0,3-4-3,31,54,30,23,2020-21,115
1,3-5-2,22,64,30,23,2020-21,116
2,4-3-3,31,44,39,23,2020-21,114
3,4-4-2,22,54,39,23,2020-21,115
4,4-5-1,12,64,39,23,2020-21,115
5,5-2-3,31,31,48,23,2020-21,110
6,5-3-2,22,44,48,23,2020-21,114
7,5-4-1,12,54,48,23,2020-21,114
0,3-4-3,33,65,40,24,2020-21,138
1,3-5-2,24,77,40,24,2020-21,141
2,4-3-3,33,52,51,24,2020-21,136
3,4-4-2,24,65,51,24,2020-21,140
4,4-5-1,13,77,51,24,2020-21,141
5,5-2-3,33,39,60,24,2020-21,132
6,5-3-2,24,52,60,24,2020-21,136
7,5-4-1,13,65,60,24,2020-21,138
0,3-4-3,24,48,33,25,2020-21,105
1,3-5-2,16,58,33,25,2020-21,107
2,4-3-3,24,37,41,25,2020-21,102
3,4-4-2,16,48,41,25,2020-21,105
4,4-5-1,8,58,41,25,2020-21,107
5,5-2-3,24,25,49,25,2020-21,98
6,5-3-2,16,37,49,25,2020-21,102
7,5-4-1,8,48,49,25,2020-21,105
0,3-4-3,31,54,36,26,2020-21,121
1,3-5-2,22,65,36,26,2020-21,123
2,4-3-3,31,43,46,26,2020-21,120
3,4-4-2,22,54,46,26,2020-21,122
4,4-5-1,13,65,46,26,2020-21,124
5,5-2-3,31,31,56,26,2020-21,118
6,5-3-2,22,43,56,26,2020-21,121
7,5-4-1,13,54,56,26,2020-21,123
0,3-4-3,37,57,39,27,2020-21,133
1,3-5-2,28,68,39,27,2020-21,135
2,4-3-3,37,46,49,27,2020-21,132
3,4-4-2,28,57,49,27,2020-21,134
4,4-5-1,19,68,49,27,2020-21,136
5,5-2-3,37,32,58,27,2020-21,127
6,5-3-2,28,46,58,27,2020-21,132
7,5-4-1,19,57,58,27,2020-21,134
0,3-4-3,38,41,36,28,2020-21,115
1,3-5-2,30,49,36,28,2020-21,115
2,4-3-3,38,31,45,28,2020-21,114
3,4-4-2,30,41,45,28,2020-21,116
4,4-5-1,17,49,45,28,2020-21,111
5,5-2-3,38,21,54,28,2020-21,113
6,5-3-2,30,31,54,28,2020-21,115
7,5-4-1,17,41,54,28,2020-21,112
0,3-4-3,30,43,25,29,2020-21,98
1,3-5-2,22,51,25,29,2020-21,98
2,4-3-3,30,35,31,29,2020-21,96
3,4-4-2,22,43,31,29,2020-21,96
4,4-5-1,11,51,31,29,2020-21,93
5,5-2-3,30,26,37,29,2020-21,93
6,5-3-2,22,35,37,29,2020-21,94
7,5-4-1,11,43,37,29,2020-21,91
0,3-4-3,35,61,38,30,2020-21,134
1,3-5-2,24,73,38,30,2020-21,135
2,4-3-3,35,48,45,30,2020-21,128
3,4-4-2,24,61,45,30,2020-21,130
4,4-5-1,13,73,45,30,2020-21,131
5,5-2-3,35,35,52,30,2020-21,122
6,5-3-2,24,48,52,30,2020-21,124
7,5-4-1,13,61,52,30,2020-21,126
0,3-4-3,37,53,37,31,2020-21,127
1,3-5-2,26,64,37,31,2020-21,127
2,4-3-3,37,41,46,31,2020-21,124
3,4-4-2,26,53,46,31,2020-21,125
4,4-5-1,13,64,46,31,2020-21,123
5,5-2-3,37,29,54,31,2020-21,120
6,5-3-2,26,41,54,31,2020-21,121
7,5-4-1,13,53,54,31,2020-21,120
0,3-4-3,31,51,36,32,2020-21,118
1,3-5-2,22,61,36,32,2020-21,119
2,4-3-3,31,41,44,32,2020-21,116
3,4-4-2,22,51,44,32,2020-21,117
4,4-5-1,12,61,44,32,2020-21,117
5,5-2-3,31,30,52,32,2020-21,113
6,5-3-2,22,41,52,32,2020-21,115
7,5-4-1,12,51,52,32,2020-21,115
0,3-4-3,40,39,30,33,2020-21,109
1,3-5-2,32,48,30,33,2020-21,110
2,4-3-3,40,30,39,33,2020-21,109
3,4-4-2,32,39,39,33,2020-21,110
4,4-5-1,20,48,39,33,2020-21,107
5,5-2-3,40,21,47,33,2020-21,108
6,5-3-2,32,30,47,33,2020-21,109
7,5-4-1,20,39,47,33,2020-21,106
0,3-4-3,33,61,36,34,2020-21,130
1,3-5-2,25,72,36,34,2020-21,133
2,4-3-3,33,49,44,34,2020-21,126
3,4-4-2,25,61,44,34,2020-21,130
4,4-5-1,13,72,44,34,2020-21,129
5,5-2-3,33,37,52,34,2020-21,122
6,5-3-2,25,49,52,34,2020-21,126
7,5-4-1,13,61,52,34,2020-21,126
0,3-4-3,39,46,34,35,2020-21,119
1,3-5-2,26,56,34,35,2020-21,116
2,4-3-3,39,36,43,35,2020-21,118
3,4-4-2,26,46,43,35,2020-21,115
4,4-5-1,13,56,43,35,2020-21,112
5,5-2-3,39,25,52,35,2020-21,116
6,5-3-2,26,36,52,35,2020-21,114
7,5-4-1,13,46,52,35,2020-21,111
0,3-4-3,30,61,35,36,2020-21,126
1,3-5-2,21,71,35,36,2020-21,127
2,4-3-3,30,50,45,36,2020-21,125
3,4-4-2,21,61,45,36,2020-21,127
4,4-5-1,12,71,45,36,2020-21,128
5,5-2-3,30,36,51,36,2020-21,117
6,5-3-2,21,50,51,36,2020-21,122
7,5-4-1,12,61,51,36,2020-21,124
0,3-4-3,30,46,38,37,2020-21,114
1,3-5-2,21,55,38,37,2020-21,114
2,4-3-3,30,36,47,37,2020-21,113
3,4-4-2,21,46,47,37,2020-21,114
4,4-5-1,12,55,47,37,2020-21,114
5,5-2-3,30,26,55,37,2020-21,111
6,5-3-2,21,36,55,37,2020-21,112
7,5-4-1,12,46,55,37,2020-21,113
0,3-4-3,33,64,37,38,2020-21,134
1,3-5-2,23,77,37,38,2020-21,137
2,4-3-3,33,51,47,38,2020-21,131
3,4-4-2,23,64,47,38,2020-21,134
4,4-5-1,13,77,47,38,2020-21,137
5,5-2-3,33,35,55,38,2020-21,123
6,5-3-2,23,51,55,38,2020-21,129
7,5-4-1,13,64,55,38,2020-21,132
0,3-4-3,36,65,41,1,2021-22,142
1,3-5-2,25,76,41,1,2021-22,142
2,4-3-3,36,53,52,1,2021-22,141
3,4-4-2,25,65,52,1,2021-22,142
4,4-5-1,13,76,52,1,2021-22,141
5,5-2-3,36,37,59,1,2021-22,132
6,5-3-2,25,53,59,1,2021-22,137
7,5-4-1,13,65,59,1,2021-22,137
0,3-4-3,35,40,47,2,2021-22,122
1,3-5-2,27,49,47,2,2021-22,123
2,4-3-3,35,31,61,2,2021-22,127
3,4-4-2,27,40,61,2,2021-22,128
4,4-5-1,16,49,61,2,2021-22,126
5,5-2-3,35,22,73,2,2021-22,130
6,5-3-2,27,31,73,2,2021-22,131
7,5-4-1,16,40,73,2,2021-22,129
0,3-4-3,35,53,31,3,2021-22,119
1,3-5-2,24,63,31,3,2021-22,118
2,4-3-3,35,43,39,3,2021-22,117
3,4-4-2,24,53,39,3,2021-22,116
4,4-5-1,12,63,39,3,2021-22,114
5,5-2-3,35,33,46,3,2021-22,114
6,5-3-2,24,43,46,3,2021-22,113
7,5-4-1,12,53,46,3,2021-22,111
0,3-4-3,38,48,37,4,2021-22,123
1,3-5-2,26,58,37,4,2021-22,121
2,4-3-3,38,37,46,4,2021-22,121
3,4-4-2,26,48,46,4,2021-22,120
4,4-5-1,13,58,46,4,2021-22,117
5,5-2-3,38,25,55,4,2021-22,118
6,5-3-2,26,37,55,4,2021-22,118
7,5-4-1,13,48,55,4,2021-22,116
0,3-4-3,31,48,44,5,2021-22,123
1,3-5-2,22,57,44,5,2021-22,123
2,4-3-3,31,38,56,5,2021-22,125
3,4-4-2,22,48,56,5,2021-22,126
4,4-5-1,12,57,56,5,2021-22,125
5,5-2-3,31,27,66,5,2021-22,124
6,5-3-2,22,38,66,5,2021-22,126
7,5-4-1,12,48,66,5,2021-22,126
0,3-4-3,28,46,35,6,2021-22,109
1,3-5-2,20,56,35,6,2021-22,111
2,4-3-3,28,36,42,6,2021-22,106
3,4-4-2,20,46,42,6,2021-22,108
4,4-5-1,11,56,42,6,2021-22,109
5,5-2-3,28,25,49,6,2021-22,102
6,5-3-2,20,36,49,6,2021-22,105
7,5-4-1,11,46,49,6,2021-22,106
0,3-4-3,32,43,36,7,2021-22,111
1,3-5-2,23,51,36,7,2021-22,110
2,4-3-3,32,33,45,7,2021-22,110
3,4-4-2,23,43,45,7,2021-22,111
4,4-5-1,13,51,45,7,2021-22,109
5,5-2-3,32,23,54,7,2021-22,109
6,5-3-2,23,33,54,7,2021-22,110
7,5-4-1,13,43,54,7,2021-22,110
0,3-4-3,41,48,39,8,2021-22,128
1,3-5-2,32,58,39,8,2021-22,129
2,4-3-3,41,37,47,8,2021-22,125
3,4-4-2,32,48,47,8,2021-22,127
4,4-5-1,20,58,47,8,2021-22,125
5,5-2-3,41,26,55,8,2021-22,122
6,5-3-2,32,37,55,8,2021-22,124
7,5-4-1,20,48,55,8,2021-22,123
0,3-4-3,36,81,37,9,2021-22,154
1,3-5-2,28,94,37,9,2021-22,159
2,4-3-3,36,66,47,9,2021-22,149
3,4-4-2,28,81,47,9,2021-22,156
4,4-5-1,16,94,47,9,2021-22,157
5,5-2-3,36,48,56,9,2021-22,140
6,5-3-2,28,66,56,9,2021-22,150
7,5-4-1,16,81,56,9,2021-22,153
0,3-4-3,29,47,50,10,2021-22,126
1,3-5-2,21,57,50,10,2021-22,128
2,4-3-3,29,37,60,10,2021-22,126
3,4-4-2,21,47,60,10,2021-22,128
4,4-5-1,12,57,60,10,2021-22,129
5,5-2-3,29,26,69,10,2021-22,124
6,5-3-2,21,37,69,10,2021-22,127
7,5-4-1,12,47,69,10,2021-22,128
0,3-4-3,25,43,36,11,2021-22,104
1,3-5-2,18,53,36,11,2021-22,107
2,4-3-3,25,33,44,11,2021-22,102
3,4-4-2,18,43,44,11,2021-22,105
4,4-5-1,9,53,44,11,2021-22,106
5,5-2-3,25,23,52,11,2021-22,100
6,5-3-2,18,33,52,11,2021-22,103
7,5-4-1,9,43,52,11,2021-22,104
0,3-4-3,36,42,44,12,2021-22,122
1,3-5-2,26,51,44,12,2021-22,121
2,4-3-3,36,32,56,12,2021-22,124
3,4-4-2,26,42,56,12,2021-22,124
4,4-5-1,14,51,56,12,2021-22,121
5,5-2-3,36,22,68,12,2021-22,126
6,5-3-2,26,32,68,12,2021-22,126
7,5-4-1,14,42,68,12,2021-22,124
0,3-4-3,31,53,39,13,2021-22,123
1,3-5-2,22,62,39,13,2021-22,123
2,4-3-3,31,43,50,13,2021-22,124
3,4-4-2,22,53,50,13,2021-22,125
4,4-5-1,12,62,50,13,2021-22,124
5,5-2-3,31,30,59,13,2021-22,120
6,5-3-2,22,43,59,13,2021-22,124
7,5-4-1,12,53,59,13,2021-22,124
0,3-4-3,31,50,34,14,2021-22,115
1,3-5-2,22,60,34,14,2021-22,116
2,4-3-3,31,40,43,14,2021-22,114
3,4-4-2,22,50,43,14,2021-22,115
4,4-5-1,13,60,43,14,2021-22,116
5,5-2-3,31,28,52,14,2021-22,111
6,5-3-2,22,40,52,14,2021-22,114
7,5-4-1,13,50,52,14,2021-22,115
0,3-4-3,27,52,44,15,2021-22,123
1,3-5-2,18,63,44,15,2021-22,125
2,4-3-3,27,41,56,15,2021-22,124
3,4-4-2,18,52,56,15,2021-22,126
4,4-5-1,9,63,56,15,2021-22,128
5,5-2-3,27,28,67,15,2021-22,122
6,5-3-2,18,41,67,15,2021-22,126
7,5-4-1,9,52,67,15,2021-22,128
0,3-4-3,28,62,33,16,2021-22,123
1,3-5-2,19,73,33,16,2021-22,125
2,4-3-3,28,47,42,16,2021-22,117
3,4-4-2,19,62,42,16,2021-22,123
4,4-5-1,10,73,42,16,2021-22,125
5,5-2-3,28,32,51,16,2021-22,111
6,5-3-2,19,47,51,16,2021-22,117
7,5-4-1,10,62,51,16,2021-22,123
0,3-4-3,32,51,38,17,2021-22,121
1,3-5-2,24,61,38,17,2021-22,123
2,4-3-3,32,41,47,17,2021-22,120
3,4-4-2,24,51,47,17,2021-22,122
4,4-5-1,12,61,47,17,2021-22,120
5,5-2-3,32,29,55,17,2021-22,116
6,5-3-2,24,41,55,17,2021-22,120
7,5-4-1,12,51,55,17,2021-22,118
0,3-4-3,16,42,41,18,2021-22,99
1,3-5-2,11,49,41,18,2021-22,101
2,4-3-3,16,35,50,18,2021-22,101
3,4-4-2,11,42,50,18,2021-22,103
4,4-5-1,6,49,50,18,2021-22,105
5,5-2-3,16,27,59,18,2021-22,102
6,5-3-2,11,35,59,18,2021-22,105
7,5-4-1,6,42,59,18,2021-22,107
0,3-4-3,36,62,34,19,2021-22,132
1,3-5-2,26,75,34,19,2021-22,135
2,4-3-3,36,48,43,19,2021-22,127
3,4-4-2,26,62,43,19,2021-22,131
4,4-5-1,15,75,43,19,2021-22,133
5,5-2-3,36,33,51,19,2021-22,120
6,5-3-2,26,48,51,19,2021-22,125
7,5-4-1,15,62,51,19,2021-22,128
0,3-4-3,34,46,24,20,2021-22,104
1,3-5-2,26,55,24,20,2021-22,105
2,4-3-3,34,37,31,20,2021-22,102
3,4-4-2,26,46,31,20,2021-22,103
4,4-5-1,14,55,31,20,2021-22,100
5,5-2-3,34,26,38,20,2021-22,98
6,5-3-2,26,37,38,20,2021-22,101
7,5-4-1,14,46,38,20,2021-22,98
0,3-4-3,23,60,40,21,2021-22,123
1,3-5-2,16,71,40,21,2021-22,127
2,4-3-3,23,46,48,21,2021-22,117
3,4-4-2,16,60,48,21,2021-22,124
4,4-5-1,8,71,48,21,2021-22,127
5,5-2-3,23,31,56,21,2021-22,110
6,5-3-2,16,46,56,21,2021-22,118
7,5-4-1,8,60,56,21,2021-22,124
0,3-4-3,29,59,34,22,2021-22,122
1,3-5-2,20,70,34,22,2021-22,124
2,4-3-3,29,47,45,22,2021-22,121
3,4-4-2,20,59,45,22,2021-22,124
4,4-5-1,11,70,45,22,2021-22,126
5,5-2-3,29,34,55,22,2021-22,118
6,5-3-2,20,47,55,22,2021-22,122
7,5-4-1,11,59,55,22,2021-22,125
0,3-4-3,30,45,36,23,2021-22,111
1,3-5-2,22,54,36,23,2021-22,112
2,4-3-3,30,35,46,23,2021-22,111
3,4-4-2,22,45,46,23,2021-22,113
4,4-5-1,13,54,46,23,2021-22,113
5,5-2-3,30,24,55,23,2021-22,109
6,5-3-2,22,35,55,23,2021-22,112
7,5-4-1,13,45,55,23,2021-22,113
0,3-4-3,25,59,35,24,2021-22,119
1,3-5-2,18,71,35,24,2021-22,124
2,4-3-3,25,46,43,24,2021-22,114
3,4-4-2,18,59,43,24,2021-22,120
4,4-5-1,9,71,43,24,2021-22,123
5,5-2-3,25,32,51,24,2021-22,108
6,5-3-2,18,46,51,24,2021-22,115
7,5-4-1,9,59,51,24,2021-22,119
0,3-4-3,23,59,42,25,2021-22,124
1,3-5-2,17,69,42,25,2021-22,128
2,4-3-3,23,46,53,25,2021-22,122
3,4-4-2,17,59,53,25,2021-22,129
4,4-5-1,9,69,53,25,2021-22,131
5,5-2-3,23,32,63,25,2021-22,118
6,5-3-2,17,46,63,25,2021-22,126
7,5-4-1,9,59,63,25,2021-22,131
0,3-4-3,34,64,40,26,2021-22,138
1,3-5-2,25,76,40,26,2021-22,141
2,4-3-3,34,52,52,26,2021-22,138
3,4-4-2,25,64,52,26,2021-22,141
4,4-5-1,13,76,52,26,2021-22,141
5,5-2-3,34,37,64,26,2021-22,135
6,5-3-2,25,52,64,26,2021-22,141
7,5-4-1,13,64,64,26,2021-22,141
0,3-4-3,29,39,44,27,2021-22,112
1,3-5-2,22,47,44,27,2021-22,113
2,4-3-3,29,30,55,27,2021-22,114
3,4-4-2,22,39,55,27,2021-22,116
4,4-5-1,11,47,55,27,2021-22,113
5,5-2-3,29,21,64,27,2021-22,114
6,5-3-2,22,30,64,27,2021-22,116
7,5-4-1,11,39,64,27,2021-22,114
0,3-4-3,45,59,50,28,2021-22,154
1,3-5-2,32,72,50,28,2021-22,154
2,4-3-3,45,46,64,28,2021-22,155
3,4-4-2,32,59,64,28,2021-22,155
4,4-5-1,17,72,64,28,2021-22,153
5,5-2-3,45,32,76,28,2021-22,153
6,5-3-2,32,46,76,28,2021-22,154
7,5-4-1,17,59,76,28,2021-22,152
0,3-4-3,41,45,40,29,2021-22,126
1,3-5-2,29,54,40,29,2021-22,123
2,4-3-3,41,35,52,29,2021-22,128
3,4-4-2,29,45,52,29,2021-22,126
4,4-5-1,17,54,52,29,2021-22,123
5,5-2-3,41,25,61,29,2021-22,127
6,5-3-2,29,35,61,29,2021-22,125
7,5-4-1,17,45,61,29,2021-22,123
0,3-4-3,23,48,35,30,2021-22,106
1,3-5-2,18,56,35,30,2021-22,109
2,4-3-3,23,38,42,30,2021-22,103
3,4-4-2,18,48,42,30,2021-22,108
4,4-5-1,13,56,42,30,2021-22,111
5,5-2-3,23,27,49,30,2021-22,99
6,5-3-2,18,38,49,30,2021-22,105
7,5-4-1,13,48,49,30,2021-22,110
0,3-4-3,30,54,39,31,2021-22,123
1,3-5-2,22,66,39,31,2021-22,127
2,4-3-3,30,42,48,31,2021-22,120
3,4-4-2,22,54,48,31,2021-22,124
4,4-5-1,13,66,48,31,2021-22,127
5,5-2-3,30,29,57,31,2021-22,116
6,5-3-2,22,42,57,31,2021-22,121
7,5-4-1,13,54,57,31,2021-22,124
0,3-4-3,37,67,30,32,2021-22,134
1,3-5-2,27,80,30,32,2021-22,137
2,4-3-3,37,54,37,32,2021-22,128
3,4-4-2,27,67,37,32,2021-22,131
4,4-5-1,15,80,37,32,2021-22,132
5,5-2-3,37,40,44,32,2021-22,121
6,5-3-2,27,54,44,32,2021-22,125
7,5-4-1,15,67,44,32,2021-22,126
0,3-4-3,39,60,43,33,2021-22,142
1,3-5-2,30,72,43,33,2021-22,145
2,4-3-3,39,47,53,33,2021-22,139
3,4-4-2,30,60,53,33,2021-22,143
4,4-5-1,17,72,53,33,2021-22,142
5,5-2-3,39,33,62,33,2021-22,134
6,5-3-2,30,47,62,33,2021-22,139
7,5-4-1,17,60,62,33,2021-22,139
0,3-4-3,46,46,34,34,2021-22,126
1,3-5-2,37,54,34,34,2021-22,125
2,4-3-3,46,37,43,34,2021-22,126
3,4-4-2,37,46,43,34,2021-22,126
4,4-5-1,24,54,43,34,2021-22,121
5,5-2-3,46,28,52,34,2021-22,126
6,5-3-2,37,37,52,34,2021-22,126
7,5-4-1,24,46,52,34,2021-22,122
0,3-4-3,28,50,38,35,2021-22,116
1,3-5-2,20,60,38,35,2021-22,118
2,4-3-3,28,40,49,35,2021-22,117
3,4-4-2,20,50,49,35,2021-22,119
4,4-5-1,11,60,49,35,2021-22,120
5,5-2-3,28,30,59,35,2021-22,117
6,5-3-2,20,40,59,35,2021-22,119
7,5-4-1,11,50,59,35,2021-22,120
0,3-4-3,39,73,41,36,2021-22,153
1,3-5-2,26,87,41,36,2021-22,154
2,4-3-3,39,57,53,36,2021-22,149
3,4-4-2,26,73,53,36,2021-22,152
4,4-5-1,13,87,53,36,2021-22,153
5,5-2-3,39,41,65,36,2021-22,145
6,5-3-2,26,57,65,36,2021-22,148
7,5-4-1,13,73,65,36,2021-22,151
0,3-4-3,34,56,34,37,2021-22,124
1,3-5-2,25,67,34,37,2021-22,126
2,4-3-3,34,45,43,37,2021-22,122
3,4-4-2,25,56,43,37,2021-22,124
4,4-5-1,13,67,43,37,2021-22,123
5,5-2-3,34,31,51,37,2021-22,116
6,5-3-2,25,45,51,37,2021-22,121
7,5-4-1,13,56,51,37,2021-22,120
0,3-4-3,34,56,32,38,2021-22,122
1,3-5-2,24,69,32,38,2021-22,125
2,4-3-3,34,43,41,38,2021-22,118
3,4-4-2,24,56,41,38,2021-22,121
4,4-5-1,13,69,41,38,2021-22,123
5,5-2-3,34,30,49,38,2021-22,113
6,5-3-2,24,43,49,38,2021-22,116
7,5-4-1,13,56,49,38,2021-22,118
